RecordId,Name,External Field Name,Internal Field Name,Entity Name,Field Value Start Position,Field Value Length,Mapping Type,DataTransformationType,Parameters,OptionSet Name,External Option Display Name,External Option Value,Internal Option Display Name,Internal Option Value,RecordType,TemplateType
01b41e9d-c020-ea11-a812-000d3a4db1a5,VirtualField-gendercode,VirtualField-gendercode,gendercode,contact,,,175490001,COALESCE,"{Gender Numeric},{Gender Alpha}",,,,,,Contact,ACT
03b41e9d-c020-ea11-a812-000d3a4db1a5,VirtualField-telephone1,VirtualField-telephone1,telephone1,contact,,,175490001,IF,"{Type of Telephone},1,{Telephone Number}",,,,,,Contact,ACT
05b41e9d-c020-ea11-a812-000d3a4db1a5,VirtualField-mobilephone,VirtualField-mobilephone,mobilephone,contact,,,175490001,IF,"{Type of Telephone},2,{Telephone Number}",,,,,,Contact,ACT
07b41e9d-c020-ea11-a812-000d3a4db1a5,VirtualField-telephone3,VirtualField-telephone3,telephone3,contact,,,175490001,IF,"{Type of Telephone},3,{Telephone Number}",,,,,,Contact,ACT
09b41e9d-c020-ea11-a812-000d3a4db1a5,VirtualField-cmc_stateprovince,VirtualField-cmc_stateprovince,cmc_stateprovince,customeraddress,,,175490001,COALESCE,"{Mailing State Numeric},{Mailing State Abbreviation},{Canadian Province}",,,,,,Contact.Address.1,ACT
0bb41e9d-c020-ea11-a812-000d3a4db1a5,VirtualField-postalcode,VirtualField-postalcode,postalcode,customeraddress,,,175490001,COALESCE,"{Zip Plus 4},{Canadian Postal Code}",,,,,,Contact.Address.1,ACT
0db41e9d-c020-ea11-a812-000d3a4db1a5,VirtualField-mshied_actenglish,VirtualField-mshied_actenglish,mshied_actenglish,mshied_testscore,,,175490001,COALESCE,"{English before 10/89},{English Score}",,,,,,Contact.TestScore.1,ACT
0fb41e9d-c020-ea11-a812-000d3a4db1a5,VirtualField-mshied_actmath,VirtualField-mshied_actmath,mshied_actmath,mshied_testscore,,,175490001,COALESCE,"{Math before 10/89},{Math Score}",,,,,,Contact.TestScore.1,ACT
11b41e9d-c020-ea11-a812-000d3a4db1a5,VirtualField-mshied_actscience,VirtualField-mshied_actscience,mshied_actscience,mshied_testscore,,,175490001,COALESCE,"{Natural Sciences before 10/89},{Science Score}",,,,,,Contact.TestScore.1,ACT
13b41e9d-c020-ea11-a812-000d3a4db1a5,VirtualField-mshied_actcomposite,VirtualField-mshied_actcomposite,mshied_actcomposite,mshied_testscore,,,175490001,COALESCE,"{Composite Score before 10/89},{Composite Score}",,,,,,Contact.TestScore.1,ACT
03110c0f-c220-ea11-a812-000d3a4db1a5,State-Num-Alabama,,,customeraddress,,,175490000,,,State,,1,Alabama,175490282,,ACT
05110c0f-c220-ea11-a812-000d3a4db1a5,State-Num-Alaska,,,customeraddress,,,175490000,,,State,,2,Alaska,175490283,,ACT
07110c0f-c220-ea11-a812-000d3a4db1a5,State-Num-Arizona,,,customeraddress,,,175490000,,,State,,3,Arizona,175490286,,ACT
09110c0f-c220-ea11-a812-000d3a4db1a5,State-Num-Arkansas,,,customeraddress,,,175490000,,,State,,4,Arkansas,175490287,,ACT
0b110c0f-c220-ea11-a812-000d3a4db1a5,State-Num-California,,,customeraddress,,,175490000,,,State,,5,California,175490288,,ACT
0d110c0f-c220-ea11-a812-000d3a4db1a5,State-Num-Colorado,,,customeraddress,,,175490000,,,State,,6,Colorado,175490289,,ACT
0f110c0f-c220-ea11-a812-000d3a4db1a5,State-Num-Connecticut,,,customeraddress,,,175490000,,,State,,7,Connecticut,175490290,,ACT
11110c0f-c220-ea11-a812-000d3a4db1a5,State-Num-Delaware,,,customeraddress,,,175490000,,,State,,8,Delaware,175490291,,ACT
13110c0f-c220-ea11-a812-000d3a4db1a5,State-Num-D.C.,,,customeraddress,,,175490000,,,State,,9,D.C.,175490337,,ACT
15110c0f-c220-ea11-a812-000d3a4db1a5,State-Num-Florida,,,customeraddress,,,175490000,,,State,,10,Florida,175490294,,ACT
17110c0f-c220-ea11-a812-000d3a4db1a5,State-Num-Georgia,,,customeraddress,,,175490000,,,State,,11,Georgia,175490295,,ACT
19110c0f-c220-ea11-a812-000d3a4db1a5,State-Num-Hawaii,,,customeraddress,,,175490000,,,State,,12,Hawaii,175490297,,ACT
1b110c0f-c220-ea11-a812-000d3a4db1a5,State-Num-Idaho,,,customeraddress,,,175490000,,,State,,13,Idaho,175490298,,ACT
1d110c0f-c220-ea11-a812-000d3a4db1a5,State-Num-Illinois,,,customeraddress,,,175490000,,,State,,14,Illinois,175490299,,ACT
1f110c0f-c220-ea11-a812-000d3a4db1a5,State-Num-Indiana,,,customeraddress,,,175490000,,,State,,15,Indiana,175490300,,ACT
21110c0f-c220-ea11-a812-000d3a4db1a5,State-Num-Iowa,,,customeraddress,,,175490000,,,State,,16,Iowa,175490301,,ACT
23110c0f-c220-ea11-a812-000d3a4db1a5,State-Num-Kansas,,,customeraddress,,,175490000,,,State,,17,Kansas,175490302,,ACT
26110c0f-c220-ea11-a812-000d3a4db1a5,State-Num-Kentucky,,,customeraddress,,,175490000,,,State,,18,Kentucky,175490303,,ACT
28110c0f-c220-ea11-a812-000d3a4db1a5,State-Num-Louisiana,,,customeraddress,,,175490000,,,State,,19,Louisiana,175490304,,ACT
2a110c0f-c220-ea11-a812-000d3a4db1a5,State-Num-Maine,,,customeraddress,,,175490000,,,State,,20,Maine,175490305,,ACT
2c110c0f-c220-ea11-a812-000d3a4db1a5,State-Num-Maryland,,,customeraddress,,,175490000,,,State,,21,Maryland,175490307,,ACT
2e110c0f-c220-ea11-a812-000d3a4db1a5,State-Num-Massachusetts,,,customeraddress,,,175490000,,,State,,22,Massachusetts,175490308,,ACT
30110c0f-c220-ea11-a812-000d3a4db1a5,State-Num-Michigan,,,customeraddress,,,175490000,,,State,,23,Michigan,175490309,,ACT
32110c0f-c220-ea11-a812-000d3a4db1a5,State-Num-Minnesota,,,customeraddress,,,175490000,,,State,,24,Minnesota,175490310,,ACT
34110c0f-c220-ea11-a812-000d3a4db1a5,State-Num-Mississippi,,,customeraddress,,,175490000,,,State,,25,Mississippi,175490311,,ACT
36110c0f-c220-ea11-a812-000d3a4db1a5,State-Num-Missouri,,,customeraddress,,,175490000,,,State,,26,Missouri,175490312,,ACT
38110c0f-c220-ea11-a812-000d3a4db1a5,State-Num-Montana,,,customeraddress,,,175490000,,,State,,27,Montana,175490313,,ACT
3a110c0f-c220-ea11-a812-000d3a4db1a5,State-Num-Nebraska,,,customeraddress,,,175490000,,,State,,28,Nebraska,175490314,,ACT
3c110c0f-c220-ea11-a812-000d3a4db1a5,State-Num-Nevada,,,customeraddress,,,175490000,,,State,,29,Nevada,175490315,,ACT
3e110c0f-c220-ea11-a812-000d3a4db1a5,State-Num-New Hampshire,,,customeraddress,,,175490000,,,State,,30,New Hampshire,175490316,,ACT
40110c0f-c220-ea11-a812-000d3a4db1a5,State-Num-New Jersey,,,customeraddress,,,175490000,,,State,,31,New Jersey,175490317,,ACT
42110c0f-c220-ea11-a812-000d3a4db1a5,State-Num-New Mexico,,,customeraddress,,,175490000,,,State,,32,New Mexico,175490318,,ACT
44110c0f-c220-ea11-a812-000d3a4db1a5,State-Num-New York,,,customeraddress,,,175490000,,,State,,33,New York,175490319,,ACT
46110c0f-c220-ea11-a812-000d3a4db1a5,State-Num-North Carolina,,,customeraddress,,,175490000,,,State,,34,North Carolina,175490320,,ACT
48110c0f-c220-ea11-a812-000d3a4db1a5,State-Num-North Dakota,,,customeraddress,,,175490000,,,State,,35,North Dakota,175490321,,ACT
4a110c0f-c220-ea11-a812-000d3a4db1a5,State-Num-Ohio,,,customeraddress,,,175490000,,,State,,36,Ohio,175490323,,ACT
4c110c0f-c220-ea11-a812-000d3a4db1a5,State-Num-Oklahoma,,,customeraddress,,,175490000,,,State,,37,Oklahoma,175490324,,ACT
4e110c0f-c220-ea11-a812-000d3a4db1a5,State-Num-Oregon,,,customeraddress,,,175490000,,,State,,38,Oregon,175490325,,ACT
50110c0f-c220-ea11-a812-000d3a4db1a5,State-Num-Pennsylvania,,,customeraddress,,,175490000,,,State,,39,Pennsylvania,175490326,,ACT
52110c0f-c220-ea11-a812-000d3a4db1a5,State-Num-Rhode Island,,,customeraddress,,,175490000,,,State,,40,Rhode Island,175490328,,ACT
54110c0f-c220-ea11-a812-000d3a4db1a5,State-Num-South Carolina,,,customeraddress,,,175490000,,,State,,41,South Carolina,175490329,,ACT
56110c0f-c220-ea11-a812-000d3a4db1a5,State-Num-South Dakota,,,customeraddress,,,175490000,,,State,,42,South Dakota,175490330,,ACT
58110c0f-c220-ea11-a812-000d3a4db1a5,State-Num-Tennessee,,,customeraddress,,,175490000,,,State,,43,Tennessee,175490331,,ACT
5a110c0f-c220-ea11-a812-000d3a4db1a5,State-Num-Texas,,,customeraddress,,,175490000,,,State,,44,Texas,175490332,,ACT
5c110c0f-c220-ea11-a812-000d3a4db1a5,State-Num-Utah,,,customeraddress,,,175490000,,,State,,45,Utah,175490333,,ACT
5e110c0f-c220-ea11-a812-000d3a4db1a5,State-Num-Vermont,,,customeraddress,,,175490000,,,State,,46,Vermont,175490334,,ACT
60110c0f-c220-ea11-a812-000d3a4db1a5,State-Num-Virginia,,,customeraddress,,,175490000,,,State,,47,Virginia,175490336,,ACT
62110c0f-c220-ea11-a812-000d3a4db1a5,State-Num-Washington,,,customeraddress,,,175490000,,,State,,48,Washington,175490337,,ACT
64110c0f-c220-ea11-a812-000d3a4db1a5,State-Num-West Virginia,,,customeraddress,,,175490000,,,State,,49,West Virginia,175490338,,ACT
66110c0f-c220-ea11-a812-000d3a4db1a5,State-Num-Wisconsin,,,customeraddress,,,175490000,,,State,,50,Wisconsin,175490339,,ACT
69110c0f-c220-ea11-a812-000d3a4db1a5,State-Num-Wyoming,,,customeraddress,,,175490000,,,State,,51,Wyoming,175490340,,ACT
6b110c0f-c220-ea11-a812-000d3a4db1a5,State-Alpha-Alabama,,,customeraddress,,,175490000,,State,State,,AL,Alabama,175490282,,ACT
6d110c0f-c220-ea11-a812-000d3a4db1a5,State-Alpha-Alaska,,,customeraddress,,,175490000,,State,State,,AK,Alaska,175490283,,ACT
6f110c0f-c220-ea11-a812-000d3a4db1a5,State-Alpha-Arizona,,,customeraddress,,,175490000,,State,State,,AZ,Arizona,175490286,,ACT
71110c0f-c220-ea11-a812-000d3a4db1a5,State-Alpha-Arkansas,,,customeraddress,,,175490000,,State,State,,AR,Arkansas,175490287,,ACT
73110c0f-c220-ea11-a812-000d3a4db1a5,State-Alpha-California,,,customeraddress,,,175490000,,State,State,,CA,California,175490288,,ACT
75110c0f-c220-ea11-a812-000d3a4db1a5,State-Alpha-Colorado,,,customeraddress,,,175490000,,State,State,,CO,Colorado,175490289,,ACT
77110c0f-c220-ea11-a812-000d3a4db1a5,State-Alpha-Connecticut,,,customeraddress,,,175490000,,State,State,,CT,Connecticut,175490290,,ACT
79110c0f-c220-ea11-a812-000d3a4db1a5,State-Alpha-Delaware,,,customeraddress,,,175490000,,State,State,,DE,Delaware,175490291,,ACT
7b110c0f-c220-ea11-a812-000d3a4db1a5,State-Alpha-D.C.,,,customeraddress,,,175490000,,State,State,,DC,D.C.,175490337,,ACT
7d110c0f-c220-ea11-a812-000d3a4db1a5,State-Alpha-Florida,,,customeraddress,,,175490000,,State,State,,FL,Florida,175490294,,ACT
7f110c0f-c220-ea11-a812-000d3a4db1a5,State-Alpha-Georgia,,,customeraddress,,,175490000,,State,State,,GA,Georgia,175490295,,ACT
81110c0f-c220-ea11-a812-000d3a4db1a5,State-Alpha-Hawaii,,,customeraddress,,,175490000,,State,State,,HI,Hawaii,175490297,,ACT
83110c0f-c220-ea11-a812-000d3a4db1a5,State-Alpha-Idaho,,,customeraddress,,,175490000,,State,State,,ID,Idaho,175490298,,ACT
85110c0f-c220-ea11-a812-000d3a4db1a5,State-Alpha-Illinois,,,customeraddress,,,175490000,,State,State,,IL,Illinois,175490299,,ACT
87110c0f-c220-ea11-a812-000d3a4db1a5,State-Alpha-Indiana,,,customeraddress,,,175490000,,State,State,,IN,Indiana,175490300,,ACT
89110c0f-c220-ea11-a812-000d3a4db1a5,State-Alpha-Iowa,,,customeraddress,,,175490000,,State,State,,IA,Iowa,175490301,,ACT
8b110c0f-c220-ea11-a812-000d3a4db1a5,State-Alpha-Kansas,,,customeraddress,,,175490000,,State,State,,KS,Kansas,175490302,,ACT
8d110c0f-c220-ea11-a812-000d3a4db1a5,State-Alpha-Kentucky,,,customeraddress,,,175490000,,State,State,,KY,Kentucky,175490303,,ACT
8f110c0f-c220-ea11-a812-000d3a4db1a5,State-Alpha-Louisiana,,,customeraddress,,,175490000,,State,State,,LA,Louisiana,175490304,,ACT
91110c0f-c220-ea11-a812-000d3a4db1a5,State-Alpha-Maine,,,customeraddress,,,175490000,,State,State,,ME,Maine,175490305,,ACT
93110c0f-c220-ea11-a812-000d3a4db1a5,State-Alpha-Maryland,,,customeraddress,,,175490000,,State,State,,MD,Maryland,175490307,,ACT
95110c0f-c220-ea11-a812-000d3a4db1a5,State-Alpha-Massachusetts,,,customeraddress,,,175490000,,State,State,,MA,Massachusetts,175490308,,ACT
97110c0f-c220-ea11-a812-000d3a4db1a5,State-Alpha-Michigan,,,customeraddress,,,175490000,,State,State,,MI,Michigan,175490309,,ACT
99110c0f-c220-ea11-a812-000d3a4db1a5,State-Alpha-Minnesota,,,customeraddress,,,175490000,,State,State,,MN,Minnesota,175490310,,ACT
9b110c0f-c220-ea11-a812-000d3a4db1a5,State-Alpha-Mississippi,,,customeraddress,,,175490000,,State,State,,MS,Mississippi,175490311,,ACT
9d110c0f-c220-ea11-a812-000d3a4db1a5,State-Alpha-Missouri,,,customeraddress,,,175490000,,State,State,,MO,Missouri,175490312,,ACT
9f110c0f-c220-ea11-a812-000d3a4db1a5,State-Alpha-Montana,,,customeraddress,,,175490000,,State,State,,MT,Montana,175490313,,ACT
a1110c0f-c220-ea11-a812-000d3a4db1a5,State-Alpha-Nebraska,,,customeraddress,,,175490000,,State,State,,NE,Nebraska,175490314,,ACT
a3110c0f-c220-ea11-a812-000d3a4db1a5,State-Alpha-Nevada,,,customeraddress,,,175490000,,State,State,,NV,Nevada,175490315,,ACT
a5110c0f-c220-ea11-a812-000d3a4db1a5,State-Alpha-New Hampshire,,,customeraddress,,,175490000,,State,State,,NH,New Hampshire,175490316,,ACT
a7110c0f-c220-ea11-a812-000d3a4db1a5,State-Alpha-New Jersey,,,customeraddress,,,175490000,,State,State,,NJ,New Jersey,175490317,,ACT
a9110c0f-c220-ea11-a812-000d3a4db1a5,State-Alpha-New Mexico,,,customeraddress,,,175490000,,State,State,,NM,New Mexico,175490318,,ACT
ab110c0f-c220-ea11-a812-000d3a4db1a5,State-Alpha-New York,,,customeraddress,,,175490000,,State,State,,NY,New York,175490319,,ACT
ad110c0f-c220-ea11-a812-000d3a4db1a5,State-Alpha-North Carolina,,,customeraddress,,,175490000,,State,State,,NC,North Carolina,175490320,,ACT
af110c0f-c220-ea11-a812-000d3a4db1a5,State-Alpha-North Dakota,,,customeraddress,,,175490000,,State,State,,ND,North Dakota,175490321,,ACT
b1110c0f-c220-ea11-a812-000d3a4db1a5,State-Alpha-Ohio,,,customeraddress,,,175490000,,State,State,,OH,Ohio,175490323,,ACT
b3110c0f-c220-ea11-a812-000d3a4db1a5,State-Alpha-Oklahoma,,,customeraddress,,,175490000,,State,State,,OK,Oklahoma,175490324,,ACT
b5110c0f-c220-ea11-a812-000d3a4db1a5,State-Alpha-Oregon,,,customeraddress,,,175490000,,State,State,,OR,Oregon,175490325,,ACT
b7110c0f-c220-ea11-a812-000d3a4db1a5,State-Alpha-Pennsylvania,,,customeraddress,,,175490000,,State,State,,PA,Pennsylvania,175490326,,ACT
b9110c0f-c220-ea11-a812-000d3a4db1a5,State-Alpha-Rhode Island,,,customeraddress,,,175490000,,,State,,RI,Rhode Island,175490328,,ACT
bb110c0f-c220-ea11-a812-000d3a4db1a5,State-Alpha-South Carolina,,,customeraddress,,,175490000,,,State,,SC,South Carolina,175490329,,ACT
bd110c0f-c220-ea11-a812-000d3a4db1a5,State-Alpha-South Dakota,,,customeraddress,,,175490000,,,State,,SD,South Dakota,175490330,,ACT
bf110c0f-c220-ea11-a812-000d3a4db1a5,State-Alpha-Tennessee,,,customeraddress,,,175490000,,,State,,TN,Tennessee,175490331,,ACT
c1110c0f-c220-ea11-a812-000d3a4db1a5,State-Alpha-Texas,,,customeraddress,,,175490000,,,State,,TX,Texas,175490332,,ACT
c3110c0f-c220-ea11-a812-000d3a4db1a5,State-Alpha-Utah,,,customeraddress,,,175490000,,,State,,UT,Utah,175490333,,ACT
c5110c0f-c220-ea11-a812-000d3a4db1a5,State-Alpha-Vermont,,,customeraddress,,,175490000,,,State,,VT,Vermont,175490334,,ACT
c7110c0f-c220-ea11-a812-000d3a4db1a5,State-Alpha-Virginia,,,customeraddress,,,175490000,,,State,,VA,Virginia,175490336,,ACT
c9110c0f-c220-ea11-a812-000d3a4db1a5,State-Alpha-Washington,,,customeraddress,,,175490000,,,State,,WA,Washington,175490337,,ACT
cb110c0f-c220-ea11-a812-000d3a4db1a5,State-Alpha-West Virginia,,,customeraddress,,,175490000,,,State,,WV,West Virginia,175490338,,ACT
cd110c0f-c220-ea11-a812-000d3a4db1a5,State-Alpha-Wisconsin,,,customeraddress,,,175490000,,,State,,WI,Wisconsin,175490339,,ACT
d0110c0f-c220-ea11-a812-000d3a4db1a5,State-Alpha-Wyoming,,,customeraddress,,,175490000,,,State,,WY,Wyoming,175490340,,ACT
d2110c0f-c220-ea11-a812-000d3a4db1a5,State-Alpha-Alberta,,,customeraddress,,,175490000,,State,State,,AB,Alberta,175490033,,ACT
d4110c0f-c220-ea11-a812-000d3a4db1a5,State-Alpha-British Columbia,,,customeraddress,,,175490000,,State,State,,BC,British Columbia,175490034,,ACT
d6110c0f-c220-ea11-a812-000d3a4db1a5,State-Alpha-Manitoba,,,customeraddress,,,175490000,,State,State,,MB,Manitoba,175490035,,ACT
d8110c0f-c220-ea11-a812-000d3a4db1a5,State-Alpha-New Brunswick,,,customeraddress,,,175490000,,State,State,,NB,New Brunswick,175490036,,ACT
da110c0f-c220-ea11-a812-000d3a4db1a5,State-Alpha-Nova Scotia,,,customeraddress,,,175490000,,State,State,,NS,Nova Scotia,175490039,,ACT
dc110c0f-c220-ea11-a812-000d3a4db1a5,State-Alpha-Northwest Territories,,,customeraddress,,,175490000,,State,State,,NT,Northwest Territories,175490038,,ACT
de110c0f-c220-ea11-a812-000d3a4db1a5,State-Alpha-Nunavut,,,customeraddress,,,175490000,,State,State,,NU,Nunavut,175490040,,ACT
e0110c0f-c220-ea11-a812-000d3a4db1a5,State-Alpha-Ontario,,,customeraddress,,,175490000,,State,State,,ON,Ontario,175490041,,ACT
e2110c0f-c220-ea11-a812-000d3a4db1a5,State-Alpha-Prince Edward Island,,,customeraddress,,,175490000,,State,State,,PE,Prince Edward Island,175490042,,ACT
e4110c0f-c220-ea11-a812-000d3a4db1a5,State-Alpha-Newfoundland and Labrador,,,customeraddress,,,175490000,,State,State,,NL,Newfoundland and Labrador,175490037,,ACT
e6110c0f-c220-ea11-a812-000d3a4db1a5,State-Alpha-Quebec,,,customeraddress,,,175490000,,State,State,,QC,Quebec,175490043,,ACT
e8110c0f-c220-ea11-a812-000d3a4db1a5,State-Alpha-Saskatchewan,,,customeraddress,,,175490000,,,State,,SK,Saskatchewan,175490044,,ACT
ea110c0f-c220-ea11-a812-000d3a4db1a5,State-Alpha-Yukon,,,customeraddress,,,175490000,,,State,,YT,Yukon,175490045,,ACT
ec110c0f-c220-ea11-a812-000d3a4db1a5,Country-Andorra,,,customeraddress,,,175490000,,,Country,,AD,Andorra,175490004,,ACT
ee110c0f-c220-ea11-a812-000d3a4db1a5,Country-United Arab Emirates,,,customeraddress,,,175490000,,,Country,,AE,United Arab Emirates,175490229,,ACT
f0110c0f-c220-ea11-a812-000d3a4db1a5,Country-Afghanistan,,,customeraddress,,,175490000,,,Country,,AF,Afghanistan,175490001,,ACT
f2110c0f-c220-ea11-a812-000d3a4db1a5,Country-Antigua and Barbuda,,,customeraddress,,,175490000,,Country,Country,,AG,Antigua and Barbuda,175490008,,ACT
f4110c0f-c220-ea11-a812-000d3a4db1a5,Country-Anguilla,,,customeraddress,,,175490000,,,Country,,AI,Anguilla,175490006,,ACT
f6110c0f-c220-ea11-a812-000d3a4db1a5,Country-Albania,,,customeraddress,,,175490000,,,Country,,AL,Albania,175490002,,ACT
f8110c0f-c220-ea11-a812-000d3a4db1a5,Country-Armenia,,,customeraddress,,,175490000,,Country,Country,,AM,Armenia,175490010,,ACT
fa110c0f-c220-ea11-a812-000d3a4db1a5,Country-Netherlands Antilles,,,customeraddress,,,175490000,,,Country,,AN,Netherlands Antilles,175490154,,ACT
fc110c0f-c220-ea11-a812-000d3a4db1a5,Country-Angola,,,customeraddress,,,175490000,,Country,Country,,AO,Angola,175490005,,ACT
fe110c0f-c220-ea11-a812-000d3a4db1a5,Country-Antarctica,,,customeraddress,,,175490000,,Country,Country,,AQ,Antarctica,175490007,,ACT
00120c0f-c220-ea11-a812-000d3a4db1a5,Country-Argentina,,,customeraddress,,,175490000,,Country,Country,,AR,Argentina,175490009,,ACT
02120c0f-c220-ea11-a812-000d3a4db1a5,Country-Austria,,,customeraddress,,,175490000,,Country,Country,,AT,Austria,175490013,,ACT
04120c0f-c220-ea11-a812-000d3a4db1a5,Country-Australia,,,customeraddress,,,175490000,,Country,Country,,AU,Australia,175490012,,ACT
06120c0f-c220-ea11-a812-000d3a4db1a5,Country-Aruba,,,customeraddress,,,175490000,,Country,Country,,AW,Aruba,175490011,,ACT
08120c0f-c220-ea11-a812-000d3a4db1a5,Country-Aland Islands,,,customeraddress,,,175490000,,,Country,,AX,Aland Islands,175490000,,ACT
0a120c0f-c220-ea11-a812-000d3a4db1a5,Country-Azerbaijan,,,customeraddress,,,175490000,,Country,Country,,AZ,Azerbaijan,175490014,,ACT
0c120c0f-c220-ea11-a812-000d3a4db1a5,Country-Bosnia and Herzegovina,,,customeraddress,,,175490000,,Country,Country,,BA,Bosnia and Herzegovina,175490027,,ACT
0e120c0f-c220-ea11-a812-000d3a4db1a5,Country-Barbados,,,customeraddress,,,175490000,,Country,Country,,BB,Barbados,175490018,,ACT
10120c0f-c220-ea11-a812-000d3a4db1a5,Country-Bangladesh,,,customeraddress,,,175490000,,Country,Country,,BD,Bangladesh,175490017,,ACT
12120c0f-c220-ea11-a812-000d3a4db1a5,Country-Belgium,,,customeraddress,,,175490000,,Country,Country,,BE,Belgium,175490020,,ACT
14120c0f-c220-ea11-a812-000d3a4db1a5,Country-Burkina Faso,,,customeraddress,,,175490000,,Country,Country,,BF,Burkina Faso,175490034,,ACT
16120c0f-c220-ea11-a812-000d3a4db1a5,Country-Bulgaria,,,customeraddress,,,175490000,,Country,Country,,BG,Bulgaria,175490033,,ACT
18120c0f-c220-ea11-a812-000d3a4db1a5,Country-Bahrain,,,customeraddress,,,175490000,,Country,Country,,BH,Bahrain,175490016,,ACT
1a120c0f-c220-ea11-a812-000d3a4db1a5,Country-Burundi,,,customeraddress,,,175490000,,Country,Country,,BI,Burundi,175490035,,ACT
1c120c0f-c220-ea11-a812-000d3a4db1a5,Country-Benin,,,customeraddress,,,175490000,,Country,Country,,BJ,Benin,175490022,,ACT
1e120c0f-c220-ea11-a812-000d3a4db1a5,Country-Bermuda,,,customeraddress,,,175490000,,Country,Country,,BM,Bermuda,175490023,,ACT
20120c0f-c220-ea11-a812-000d3a4db1a5,Country-Brunei Darussalam,,,customeraddress,,,175490000,,Country,Country,,BN,Brunei Darussalam,175490032,,ACT
22120c0f-c220-ea11-a812-000d3a4db1a5,Country-Bolivia,,,customeraddress,,,175490000,,Country,Country,,BO,Bolivia,175490025,,ACT
24120c0f-c220-ea11-a812-000d3a4db1a5,Country-Brazil,,,customeraddress,,,175490000,,Country,Country,,BR,Brazil,175490030,,ACT
26120c0f-c220-ea11-a812-000d3a4db1a5,Country-Bahamas,,,customeraddress,,,175490000,,Country,Country,,BS,Bahamas,175490015,,ACT
28120c0f-c220-ea11-a812-000d3a4db1a5,Country-Bhutan,,,customeraddress,,,175490000,,Country,Country,,BT,Bhutan,175490024,,ACT
2a120c0f-c220-ea11-a812-000d3a4db1a5,Country-Bouvet Island,,,customeraddress,,,175490000,,Country,Country,,BV,Bouvet Island,175490029,,ACT
2c120c0f-c220-ea11-a812-000d3a4db1a5,Country-Botswana,,,customeraddress,,,175490000,,Country,Country,,BW,Botswana,175490028,,ACT
2e120c0f-c220-ea11-a812-000d3a4db1a5,Country-Belarus,,,customeraddress,,,175490000,,Country,Country,,BY,Belarus,175490019,,ACT
30120c0f-c220-ea11-a812-000d3a4db1a5,Country-Belize,,,customeraddress,,,175490000,,Country,Country,,BZ,Belize,175490021,,ACT
32120c0f-c220-ea11-a812-000d3a4db1a5,Country-Canada,,,customeraddress,,,175490000,,Country,Country,,CA,Canada,175490038,,ACT
34120c0f-c220-ea11-a812-000d3a4db1a5,Country-Cocos (Keeling) Islands,,,customeraddress,,,175490000,,Country,Country,,CC,Cocos (Keeling) Islands,175490046,,ACT
36120c0f-c220-ea11-a812-000d3a4db1a5,Country-Congo (the Democratic Republic of the),,,customeraddress,,,175490000,,Country,Country,,CD,Congo (the Democratic Republic of the),175490050,,ACT
38120c0f-c220-ea11-a812-000d3a4db1a5,Country-Central African Republic,,,customeraddress,,,175490000,,Country,Country,,CF,Central African Republic,175490041,,ACT
3a120c0f-c220-ea11-a812-000d3a4db1a5,Country-Congo,,,customeraddress,,,175490000,,Country,Country,,CG,Congo,175490049,,ACT
3c120c0f-c220-ea11-a812-000d3a4db1a5,Country-Switzerland,,,customeraddress,,,175490000,,,Country,,CH,Switzerland,175490211,,ACT
3e120c0f-c220-ea11-a812-000d3a4db1a5,Country-Cook Islands,,,customeraddress,,,175490000,,Country,Country,,CK,Cook Islands,175490051,,ACT
40120c0f-c220-ea11-a812-000d3a4db1a5,Country-Chile,,,customeraddress,,,175490000,,Country,Country,,CL,Chile,175490043,,ACT
42120c0f-c220-ea11-a812-000d3a4db1a5,Country-Cameroon,,,customeraddress,,,175490000,,Country,Country,,CM,Cameroon,175490037,,ACT
44120c0f-c220-ea11-a812-000d3a4db1a5,Country-China,,,customeraddress,,,175490000,,Country,Country,,CN,China,175490044,,ACT
46120c0f-c220-ea11-a812-000d3a4db1a5,Country-Colombia,,,customeraddress,,,175490000,,Country,Country,,CO,Colombia,175490047,,ACT
48120c0f-c220-ea11-a812-000d3a4db1a5,Country-Costa Rica,,,customeraddress,,,175490000,,,Country,,CR,Costa Rica,175490052,,ACT
4a120c0f-c220-ea11-a812-000d3a4db1a5,Country-Cuba,,,customeraddress,,,175490000,,,Country,,CU,Cuba,175490055,,ACT
4c120c0f-c220-ea11-a812-000d3a4db1a5,Country-Christmas Island,,,customeraddress,,,175490000,,Country,Country,,CX,Christmas Island,175490045,,ACT
4e120c0f-c220-ea11-a812-000d3a4db1a5,Country-Cyprus,,,customeraddress,,,175490000,,,Country,,CY,Cyprus,175490057,,ACT
50120c0f-c220-ea11-a812-000d3a4db1a5,Country-Germany,,,customeraddress,,,175490000,,,Country,,DE,Germany,175490081,,ACT
53120c0f-c220-ea11-a812-000d3a4db1a5,Country-Djibouti,,,customeraddress,,,175490000,,,Country,,DJ,Djibouti,175490060,,ACT
55120c0f-c220-ea11-a812-000d3a4db1a5,Country-Denmark,,,customeraddress,,,175490000,,,Country,,DK,Denmark,175490059,,ACT
57120c0f-c220-ea11-a812-000d3a4db1a5,Country-Dominica,,,customeraddress,,,175490000,,,Country,,DM,Dominica,175490061,,ACT
59120c0f-c220-ea11-a812-000d3a4db1a5,Country-Dominican Republic,,,customeraddress,,,175490000,,,Country,,DO,Dominican Republic,175490062,,ACT
5b120c0f-c220-ea11-a812-000d3a4db1a5,Country-Algeria,,,customeraddress,,,175490000,,,Country,,DZ,Algeria,175490003,,ACT
5d120c0f-c220-ea11-a812-000d3a4db1a5,Country-Ecuador,,,customeraddress,,,175490000,,,Country,,EC,Ecuador,175490063,,ACT
5f120c0f-c220-ea11-a812-000d3a4db1a5,Country-Estonia,,,customeraddress,,,175490000,,,Country,,EE,Estonia,175490068,,ACT
61120c0f-c220-ea11-a812-000d3a4db1a5,Country-Egypt,,,customeraddress,,,175490000,,,Country,,EG,Egypt,175490064,,ACT
63120c0f-c220-ea11-a812-000d3a4db1a5,Country-Western Sahara,,,customeraddress,,,175490000,,,Country,,EH,Western Sahara,175490239,,ACT
65120c0f-c220-ea11-a812-000d3a4db1a5,Country-Eritrea,,,customeraddress,,,175490000,,,Country,,ER,Eritrea,175490067,,ACT
67120c0f-c220-ea11-a812-000d3a4db1a5,Country-Spain,,,customeraddress,,,175490000,,,Country,,ES,Spain,175490204,,ACT
69120c0f-c220-ea11-a812-000d3a4db1a5,Country-Ethiopia,,,customeraddress,,,175490000,,,Country,,ET,Ethiopia,175490069,,ACT
6b120c0f-c220-ea11-a812-000d3a4db1a5,Country-Finland,,,customeraddress,,,175490000,,,Country,,FI,Finland,175490073,,ACT
6d120c0f-c220-ea11-a812-000d3a4db1a5,Country-Fiji,,,customeraddress,,,175490000,,,Country,,FJ,Fiji,175490072,,ACT
6f120c0f-c220-ea11-a812-000d3a4db1a5,Country-Falkland Islands (Malvinas),,,customeraddress,,,175490000,,,Country,,FK,Falkland Islands (Malvinas),175490070,,ACT
71120c0f-c220-ea11-a812-000d3a4db1a5,Country-Faroe Islands,,,customeraddress,,,175490000,,,Country,,FO,Faroe Islands,175490071,,ACT
73120c0f-c220-ea11-a812-000d3a4db1a5,Country-France,,,customeraddress,,,175490000,,,Country,,FR,France,175490074,,ACT
75120c0f-c220-ea11-a812-000d3a4db1a5,Country-Gabon,,,customeraddress,,,175490000,,,Country,,GA,Gabon,175490078,,ACT
77120c0f-c220-ea11-a812-000d3a4db1a5,Country-United Kingdom,,,customeraddress,,,175490000,,,Country,,GB,United Kingdom,175490230,,ACT
79120c0f-c220-ea11-a812-000d3a4db1a5,Country-Grenada,,,customeraddress,,,175490000,,,Country,,GD,Grenada,175490086,,ACT
7b120c0f-c220-ea11-a812-000d3a4db1a5,Country-Georgia,,,customeraddress,,,175490000,,,Country,,GE,Georgia,175490080,,ACT
7d120c0f-c220-ea11-a812-000d3a4db1a5,Country-French Guiana,,,customeraddress,,,175490000,,,Country,,GF,French Guiana,175490075,,ACT
7f120c0f-c220-ea11-a812-000d3a4db1a5,Country-Ghana,,,customeraddress,,,175490000,,,Country,,GH,Ghana,175490082,,ACT
81120c0f-c220-ea11-a812-000d3a4db1a5,Country-Gibraltar,,,customeraddress,,,175490000,,,Country,,GI,Gibraltar,175490083,,ACT
83120c0f-c220-ea11-a812-000d3a4db1a5,Country-Greenland,,,customeraddress,,,175490000,,,Country,,GL,Greenland,175490085,,ACT
85120c0f-c220-ea11-a812-000d3a4db1a5,Country-Gambia,,,customeraddress,,,175490000,,,Country,,GM,Gambia,175490079,,ACT
87120c0f-c220-ea11-a812-000d3a4db1a5,Country-Guinea,,,customeraddress,,,175490000,,,Country,,GN,Guinea,175490091,,ACT
89120c0f-c220-ea11-a812-000d3a4db1a5,Country-Guadeloupe,,,customeraddress,,,175490000,,,Country,,GP,Guadeloupe,175490087,,ACT
8b120c0f-c220-ea11-a812-000d3a4db1a5,Country-Equatorial Guinea,,,customeraddress,,,175490000,,,Country,,GQ,Equatorial Guinea,175490066,,ACT
8d120c0f-c220-ea11-a812-000d3a4db1a5,Country-Greece,,,customeraddress,,,175490000,,,Country,,GR,Greece,175490084,,ACT
8f120c0f-c220-ea11-a812-000d3a4db1a5,Country-South Georgia and the South Sandwich Islands,,,customeraddress,,,175490000,,,Country,,GS,South Georgia and the South Sandwich Islands,175490202,,ACT
91120c0f-c220-ea11-a812-000d3a4db1a5,Country-Guatemala,,,customeraddress,,,175490000,,,Country,,GT,Guatemala,175490089,,ACT
93120c0f-c220-ea11-a812-000d3a4db1a5,Country-Guinea-Bissau,,,customeraddress,,,175490000,,,Country,,GW,Guinea-Bissau,175490092,,ACT
95120c0f-c220-ea11-a812-000d3a4db1a5,Country-Guyana,,,customeraddress,,,175490000,,,Country,,GY,Guyana,175490093,,ACT
97120c0f-c220-ea11-a812-000d3a4db1a5,Country-Hong Kong,,,customeraddress,,,175490000,,,Country,,HK,Hong Kong,175490098,,ACT
99120c0f-c220-ea11-a812-000d3a4db1a5,Country-Heard Island and McDonald Islands,,,customeraddress,,,175490000,,,Country,,HM,Heard Island and McDonald Islands,175490095,,ACT
9b120c0f-c220-ea11-a812-000d3a4db1a5,Country-Honduras,,,customeraddress,,,175490000,,,Country,,HN,Honduras,175490097,,ACT
9d120c0f-c220-ea11-a812-000d3a4db1a5,Country-Croatia,,,customeraddress,,,175490000,,,Country,,HR,Croatia,175490054,,ACT
9f120c0f-c220-ea11-a812-000d3a4db1a5,Country-Haiti,,,customeraddress,,,175490000,,,Country,,HT,Haiti,175490094,,ACT
a1120c0f-c220-ea11-a812-000d3a4db1a5,Country-Hungary,,,customeraddress,,,175490000,,,Country,,HU,Hungary,175490099,,ACT
a3120c0f-c220-ea11-a812-000d3a4db1a5,Country-Indonesia,,,customeraddress,,,175490000,,,Country,,ID,Indonesia,175490102,,ACT
a5120c0f-c220-ea11-a812-000d3a4db1a5,Country-Ireland,,,customeraddress,,,175490000,,,Country,,IE,Ireland,175490105,,ACT
a7120c0f-c220-ea11-a812-000d3a4db1a5,Country-Israel,,,customeraddress,,,175490000,,,Country,,IL,Israel,175490107,,ACT
a9120c0f-c220-ea11-a812-000d3a4db1a5,Country-India,,,customeraddress,,,175490000,,,Country,,IN,India,175490101,,ACT
ab120c0f-c220-ea11-a812-000d3a4db1a5,Country-British Indian Ocean Territory,,,customeraddress,,,175490000,,Country,Country,,IO,British Indian Ocean Territory,175490031,,ACT
ad120c0f-c220-ea11-a812-000d3a4db1a5,Country-Iraq,,,customeraddress,,,175490000,,,Country,,IQ,Iraq,175490104,,ACT
af120c0f-c220-ea11-a812-000d3a4db1a5,Country-Iran,,,customeraddress,,,175490000,,,Country,,IR,Iran,175490103,,ACT
b1120c0f-c220-ea11-a812-000d3a4db1a5,Country-Iceland,,,customeraddress,,,175490000,,,Country,,IS,Iceland,175490100,,ACT
b3120c0f-c220-ea11-a812-000d3a4db1a5,Country-Italy,,,customeraddress,,,175490000,,,Country,,IT,Italy,175490108,,ACT
b5120c0f-c220-ea11-a812-000d3a4db1a5,Country-Jamaica,,,customeraddress,,,175490000,,,Country,,JM,Jamaica,175490109,,ACT
b8120c0f-c220-ea11-a812-000d3a4db1a5,Country-Jordan,,,customeraddress,,,175490000,,,Country,,JO,Jordan,175490112,,ACT
ba120c0f-c220-ea11-a812-000d3a4db1a5,Country-Japan,,,customeraddress,,,175490000,,,Country,,JP,Japan,175490110,,ACT
bc120c0f-c220-ea11-a812-000d3a4db1a5,Country-Kenya,,,customeraddress,,,175490000,,,Country,,KE,Kenya,175490114,,ACT
be120c0f-c220-ea11-a812-000d3a4db1a5,Country-Kyrgyzstan,,,customeraddress,,,175490000,,,Country,,KG,Kyrgyzstan,175490119,,ACT
c0120c0f-c220-ea11-a812-000d3a4db1a5,Country-Cambodia,,,customeraddress,,,175490000,,Country,Country,,KH,Cambodia,175490036,,ACT
c2120c0f-c220-ea11-a812-000d3a4db1a5,Country-Kiribati,,,customeraddress,,,175490000,,,Country,,KI,Kiribati,175490115,,ACT
c4120c0f-c220-ea11-a812-000d3a4db1a5,Country-Comoros,,,customeraddress,,,175490000,,Country,Country,,KM,Comoros,175490048,,ACT
c6120c0f-c220-ea11-a812-000d3a4db1a5,Country-Saint Kitts and Nevis,,,customeraddress,,,175490000,,,Country,,KN,Saint Kitts and Nevis,175490182,,ACT
c8120c0f-c220-ea11-a812-000d3a4db1a5,Country-Kuwait,,,customeraddress,,,175490000,,,Country,,KW,Kuwait,175490118,,ACT
ca120c0f-c220-ea11-a812-000d3a4db1a5,Country-Cayman Islands,,,customeraddress,,,175490000,,Country,Country,,KY,Cayman Islands,175490040,,ACT
cc120c0f-c220-ea11-a812-000d3a4db1a5,Country-Kazakhstan,,,customeraddress,,,175490000,,,Country,,KZ,Kazakhstan,175490113,,ACT
ce120c0f-c220-ea11-a812-000d3a4db1a5,Country-Lebanon,,,customeraddress,,,175490000,,,Country,,LB,Lebanon,175490122,,ACT
d0120c0f-c220-ea11-a812-000d3a4db1a5,Country-Saint Lucia,,,customeraddress,,,175490000,,,Country,,LC,Saint Lucia,175490183,,ACT
d2120c0f-c220-ea11-a812-000d3a4db1a5,Country-Liechtenstein,,,customeraddress,,,175490000,,,Country,,LI,Liechtenstein,175490126,,ACT
d4120c0f-c220-ea11-a812-000d3a4db1a5,Country-Sri Lanka,,,customeraddress,,,175490000,,,Country,,LK,Sri Lanka,175490205,,ACT
d6120c0f-c220-ea11-a812-000d3a4db1a5,Country-Liberia,,,customeraddress,,,175490000,,,Country,,LR,Liberia,175490124,,ACT
d8120c0f-c220-ea11-a812-000d3a4db1a5,Country-Lesotho,,,customeraddress,,,175490000,,,Country,,LS,Lesotho,175490123,,ACT
da120c0f-c220-ea11-a812-000d3a4db1a5,Country-Lithuania,,,customeraddress,,,175490000,,,Country,,LT,Lithuania,175490127,,ACT
dc120c0f-c220-ea11-a812-000d3a4db1a5,Country-Luxembourg,,,customeraddress,,,175490000,,,Country,,LU,Luxembourg,175490128,,ACT
de120c0f-c220-ea11-a812-000d3a4db1a5,Country-Latvia,,,customeraddress,,,175490000,,,Country,,LV,Latvia,175490121,,ACT
e0120c0f-c220-ea11-a812-000d3a4db1a5,Country-Libya,,,customeraddress,,,175490000,,,Country,,LY,Libya,175490125,,ACT
e2120c0f-c220-ea11-a812-000d3a4db1a5,Country-Morocco,,,customeraddress,,,175490000,,,Country,,MA,Morocco,175490147,,ACT
e4120c0f-c220-ea11-a812-000d3a4db1a5,Country-Monaco,,,customeraddress,,,175490000,,,Country,,MC,Monaco,175490143,,ACT
e6120c0f-c220-ea11-a812-000d3a4db1a5,Country-Moldova (the Republic of),,,customeraddress,,,175490000,,,Country,,MD,Moldova (the Republic of),175490142,,ACT
e8120c0f-c220-ea11-a812-000d3a4db1a5,Country-Madagascar,,,customeraddress,,,175490000,,,Country,,MG,Madagascar,175490131,,ACT
ea120c0f-c220-ea11-a812-000d3a4db1a5,Country-Macedonia (the Former Yugoslav Republic of),,,customeraddress,,,175490000,,,Country,,MK,Macedonia (the Former Yugoslav Republic of),175490130,,ACT
ec120c0f-c220-ea11-a812-000d3a4db1a5,Country-Mali,,,customeraddress,,,175490000,,,Country,,ML,Mali,175490135,,ACT
ee120c0f-c220-ea11-a812-000d3a4db1a5,Country-Myanmar,,,customeraddress,,,175490000,,,Country,,MM,Myanmar,175490149,,ACT
f0120c0f-c220-ea11-a812-000d3a4db1a5,Country-Mongolia,,,customeraddress,,,175490000,,,Country,,MN,Mongolia,175490144,,ACT
f2120c0f-c220-ea11-a812-000d3a4db1a5,Country-Macao,,,customeraddress,,,175490000,,,Country,,MO,Macao,175490129,,ACT
f4120c0f-c220-ea11-a812-000d3a4db1a5,Country-Martinique,,,customeraddress,,,175490000,,,Country,,MQ,Martinique,175490137,,ACT
f6120c0f-c220-ea11-a812-000d3a4db1a5,Country-Mauritania,,,customeraddress,,,175490000,,,Country,,MR,Mauritania,175490138,,ACT
f8120c0f-c220-ea11-a812-000d3a4db1a5,Country-Montserrat,,,customeraddress,,,175490000,,,Country,,MS,Montserrat,175490146,,ACT
fa120c0f-c220-ea11-a812-000d3a4db1a5,Country-Malta,,,customeraddress,,,175490000,,,Country,,MT,Malta,175490136,,ACT
fc120c0f-c220-ea11-a812-000d3a4db1a5,Country-Mauritius,,,customeraddress,,,175490000,,,Country,,MU,Mauritius,175490139,,ACT
fe120c0f-c220-ea11-a812-000d3a4db1a5,Country-Maldives,,,customeraddress,,,175490000,,,Country,,MV,Maldives,175490134,,ACT
00130c0f-c220-ea11-a812-000d3a4db1a5,Country-Malawi,,,customeraddress,,,175490000,,,Country,,MW,Malawi,175490132,,ACT
02130c0f-c220-ea11-a812-000d3a4db1a5,Country-Mexico,,,customeraddress,,,175490000,,,Country,,MX,Mexico,175490141,,ACT
04130c0f-c220-ea11-a812-000d3a4db1a5,Country-Malaysia,,,customeraddress,,,175490000,,,Country,,MY,Malaysia,175490133,,ACT
06130c0f-c220-ea11-a812-000d3a4db1a5,Country-Mozambique,,,customeraddress,,,175490000,,,Country,,MZ,Mozambique,175490148,,ACT
08130c0f-c220-ea11-a812-000d3a4db1a5,Country-Namibia,,,customeraddress,,,175490000,,,Country,,NA,Namibia,175490150,,ACT
0a130c0f-c220-ea11-a812-000d3a4db1a5,Country-New Caledonia,,,customeraddress,,,175490000,,,Country,,NC,New Caledonia,175490155,,ACT
0d130c0f-c220-ea11-a812-000d3a4db1a5,Country-Niger,,,customeraddress,,,175490000,,,Country,,NE,Niger,175490158,,ACT
0f130c0f-c220-ea11-a812-000d3a4db1a5,Country-Norfolk Island,,,customeraddress,,,175490000,,,Country,,NF,Norfolk Island,175490161,,ACT
11130c0f-c220-ea11-a812-000d3a4db1a5,Country-Nigeria,,,customeraddress,,,175490000,,,Country,,NG,Nigeria,175490159,,ACT
13130c0f-c220-ea11-a812-000d3a4db1a5,Country-Nicaragua,,,customeraddress,,,175490000,,,Country,,NI,Nicaragua,175490157,,ACT
15130c0f-c220-ea11-a812-000d3a4db1a5,Country-Netherlands,,,customeraddress,,,175490000,,,Country,,NL,Netherlands,175490153,,ACT
17130c0f-c220-ea11-a812-000d3a4db1a5,Country-Norway,,,customeraddress,,,175490000,,,Country,,NO,Norway,175490162,,ACT
19130c0f-c220-ea11-a812-000d3a4db1a5,Country-Nepal,,,customeraddress,,,175490000,,,Country,,NP,Nepal,175490152,,ACT
1b130c0f-c220-ea11-a812-000d3a4db1a5,Country-Nauru,,,customeraddress,,,175490000,,,Country,,NR,Nauru,175490151,,ACT
1d130c0f-c220-ea11-a812-000d3a4db1a5,Country-Niue,,,customeraddress,,,175490000,,,Country,,NU,Niue,175490160,,ACT
1f130c0f-c220-ea11-a812-000d3a4db1a5,Country-New Zealand,,,customeraddress,,,175490000,,,Country,,NZ,New Zealand,175490156,,ACT
21130c0f-c220-ea11-a812-000d3a4db1a5,Country-Oman,,,customeraddress,,,175490000,,,Country,,OM,Oman,175490163,,ACT
23130c0f-c220-ea11-a812-000d3a4db1a5,Country-Panama,,,customeraddress,,,175490000,,,Country,,PA,Panama,175490167,,ACT
25130c0f-c220-ea11-a812-000d3a4db1a5,Country-Peru,,,customeraddress,,,175490000,,,Country,,PE,Peru,175490170,,ACT
27130c0f-c220-ea11-a812-000d3a4db1a5,Country-French Polynesia,,,customeraddress,,,175490000,,,Country,,PF,French Polynesia,175490076,,ACT
29130c0f-c220-ea11-a812-000d3a4db1a5,Country-Papua New Guinea,,,customeraddress,,,175490000,,,Country,,PG,Papua New Guinea,175490168,,ACT
2b130c0f-c220-ea11-a812-000d3a4db1a5,Country-Philippines,,,customeraddress,,,175490000,,,Country,,PH,Philippines,175490171,,ACT
2d130c0f-c220-ea11-a812-000d3a4db1a5,Country-Pakistan,,,customeraddress,,,175490000,,,Country,,PK,Pakistan,175490164,,ACT
2f130c0f-c220-ea11-a812-000d3a4db1a5,Country-Poland,,,customeraddress,,,175490000,,,Country,,PL,Poland,175490173,,ACT
31130c0f-c220-ea11-a812-000d3a4db1a5,Country-Saint Pierre and Miquelon,,,customeraddress,,,175490000,,,Country,,PM,Saint Pierre and Miquelon,175490185,,ACT
33130c0f-c220-ea11-a812-000d3a4db1a5,Country-Pitcairn,,,customeraddress,,,175490000,,,Country,,PN,Pitcairn,175490172,,ACT
35130c0f-c220-ea11-a812-000d3a4db1a5,Country-Portugal,,,customeraddress,,,175490000,,,Country,,PT,Portugal,175490174,,ACT
37130c0f-c220-ea11-a812-000d3a4db1a5,Country-Paraguay,,,customeraddress,,,175490000,,,Country,,PY,Paraguay,175490169,,ACT
39130c0f-c220-ea11-a812-000d3a4db1a5,Country-Qatar,,,customeraddress,,,175490000,,,Country,,QA,Qatar,175490175,,ACT
3b130c0f-c220-ea11-a812-000d3a4db1a5,Country-Reunion,,,customeraddress,,,175490000,,,Country,,RE,Reunion,175490176,,ACT
3d130c0f-c220-ea11-a812-000d3a4db1a5,Country-Romania,,,customeraddress,,,175490000,,,Country,,RO,Romania,175490177,,ACT
3f130c0f-c220-ea11-a812-000d3a4db1a5,Country-Russian Federation,,,customeraddress,,,175490000,,,Country,,RU,Russian Federation,175490178,,ACT
41130c0f-c220-ea11-a812-000d3a4db1a5,Country-Rwanda,,,customeraddress,,,175490000,,,Country,,RW,Rwanda,175490179,,ACT
43130c0f-c220-ea11-a812-000d3a4db1a5,Country-Saudi Arabia,,,customeraddress,,,175490000,,,Country,,SA,Saudi Arabia,175490190,,ACT
45130c0f-c220-ea11-a812-000d3a4db1a5,Country-Solomon Islands,,,customeraddress,,,175490000,,,Country,,SB,Solomon Islands,175490199,,ACT
47130c0f-c220-ea11-a812-000d3a4db1a5,Country-Seychelles,,,customeraddress,,,175490000,,,Country,,SC,Seychelles,175490193,,ACT
49130c0f-c220-ea11-a812-000d3a4db1a5,Country-Sudan,,,customeraddress,,,175490000,,,Country,,SD,Sudan,175490206,,ACT
4b130c0f-c220-ea11-a812-000d3a4db1a5,Country-Sweden,,,customeraddress,,,175490000,,,Country,,SE,Sweden,175490210,,ACT
4d130c0f-c220-ea11-a812-000d3a4db1a5,Country-Singapore,,,customeraddress,,,175490000,,,Country,,SG,Singapore,175490195,,ACT
50130c0f-c220-ea11-a812-000d3a4db1a5,"Country-Saint Helena, Ascension and Tristan da Cunha",,,customeraddress,,,175490000,,,Country,,SH,"Saint Helena, Ascension and Tristan da Cunha",175490181,,ACT
52130c0f-c220-ea11-a812-000d3a4db1a5,Country-Slovenia,,,customeraddress,,,175490000,,,Country,,SI,Slovenia,175490198,,ACT
54130c0f-c220-ea11-a812-000d3a4db1a5,Country-Svalbard and Jan Mayen,,,customeraddress,,,175490000,,,Country,,SJ,Svalbard and Jan Mayen,175490208,,ACT
56130c0f-c220-ea11-a812-000d3a4db1a5,Country-Slovakia,,,customeraddress,,,175490000,,,Country,,SK,Slovakia,175490197,,ACT
58130c0f-c220-ea11-a812-000d3a4db1a5,Country-Sierra Leone,,,customeraddress,,,175490000,,,Country,,SL,Sierra Leone,175490194,,ACT
5a130c0f-c220-ea11-a812-000d3a4db1a5,Country-San Marino,,,customeraddress,,,175490000,,,Country,,SM,San Marino,175490188,,ACT
5c130c0f-c220-ea11-a812-000d3a4db1a5,Country-Senegal,,,customeraddress,,,175490000,,,Country,,SN,Senegal,175490191,,ACT
5e130c0f-c220-ea11-a812-000d3a4db1a5,Country-Somalia,,,customeraddress,,,175490000,,,Country,,SO,Somalia,175490200,,ACT
60130c0f-c220-ea11-a812-000d3a4db1a5,Country-Suriname,,,customeraddress,,,175490000,,,Country,,SR,Suriname,175490207,,ACT
62130c0f-c220-ea11-a812-000d3a4db1a5,Country-Sao Tome and Principe,,,customeraddress,,,175490000,,,Country,,ST,Sao Tome and Principe,175490189,,ACT
64130c0f-c220-ea11-a812-000d3a4db1a5,Country-El Salvador,,,customeraddress,,,175490000,,,Country,,SV,El Salvador,175490065,,ACT
66130c0f-c220-ea11-a812-000d3a4db1a5,Country-Syrian Arab Republic,,,customeraddress,,,175490000,,,Country,,SY,Syrian Arab Republic,175490212,,ACT
68130c0f-c220-ea11-a812-000d3a4db1a5,Country-Turks and Caicos Islands,,,customeraddress,,,175490000,,,Country,,TC,Turks and Caicos Islands,175490225,,ACT
6a130c0f-c220-ea11-a812-000d3a4db1a5,Country-Chad,,,customeraddress,,,175490000,,Country,Country,,TD,Chad,175490042,,ACT
6c130c0f-c220-ea11-a812-000d3a4db1a5,Country-French Southern Territories,,,customeraddress,,,175490000,,,Country,,TF,French Southern Territories,175490077,,ACT
6e130c0f-c220-ea11-a812-000d3a4db1a5,Country-Togo,,,customeraddress,,,175490000,,,Country,,TG,Togo,175490218,,ACT
70130c0f-c220-ea11-a812-000d3a4db1a5,Country-Thailand,,,customeraddress,,,175490000,,,Country,,TH,Thailand,175490216,,ACT
72130c0f-c220-ea11-a812-000d3a4db1a5,Country-Tajikistan,,,customeraddress,,,175490000,,,Country,,TJ,Tajikistan,175490214,,ACT
74130c0f-c220-ea11-a812-000d3a4db1a5,Country-Tokelau,,,customeraddress,,,175490000,,,Country,,TK,Tokelau,175490219,,ACT
76130c0f-c220-ea11-a812-000d3a4db1a5,Country-Timor-Leste,,,customeraddress,,,175490000,,,Country,,TL,Timor-Leste,175490217,,ACT
78130c0f-c220-ea11-a812-000d3a4db1a5,Country-Turkmenistan,,,customeraddress,,,175490000,,,Country,,TM,Turkmenistan,175490224,,ACT
7a130c0f-c220-ea11-a812-000d3a4db1a5,Country-Tunisia,,,customeraddress,,,175490000,,,Country,,TN,Tunisia,175490222,,ACT
7c130c0f-c220-ea11-a812-000d3a4db1a5,Country-Tonga,,,customeraddress,,,175490000,,,Country,,TO,Tonga,175490220,,ACT
7e130c0f-c220-ea11-a812-000d3a4db1a5,Country-Turkey,,,customeraddress,,,175490000,,,Country,,TR,Turkey,175490223,,ACT
80130c0f-c220-ea11-a812-000d3a4db1a5,Country-Trinidad and Tobago,,,customeraddress,,,175490000,,,Country,,TT,Trinidad and Tobago,175490221,,ACT
82130c0f-c220-ea11-a812-000d3a4db1a5,Country-Tuvalu,,,customeraddress,,,175490000,,,Country,,TV,Tuvalu,175490226,,ACT
84130c0f-c220-ea11-a812-000d3a4db1a5,Country-Taiwan,,,customeraddress,,,175490000,,,Country,,TW,Taiwan,175490213,,ACT
86130c0f-c220-ea11-a812-000d3a4db1a5,"Country-Tanzania, United Republic of",,,customeraddress,,,175490000,,,Country,,TZ,"Tanzania, United Republic of",175490215,,ACT
88130c0f-c220-ea11-a812-000d3a4db1a5,Country-Ukraine,,,customeraddress,,,175490000,,,Country,,UA,Ukraine,175490228,,ACT
8a130c0f-c220-ea11-a812-000d3a4db1a5,Country-Uganda,,,customeraddress,,,175490000,,,Country,,UG,Uganda,175490227,,ACT
8c130c0f-c220-ea11-a812-000d3a4db1a5,Country-United States of America,,,customeraddress,,,175490000,,,Country,,US,United States of America,175490231,,ACT
8e130c0f-c220-ea11-a812-000d3a4db1a5,Country-Uruguay,,,customeraddress,,,175490000,,,Country,,UY,Uruguay,175490232,,ACT
90130c0f-c220-ea11-a812-000d3a4db1a5,Country-Uzbekistan,,,customeraddress,,,175490000,,,Country,,UZ,Uzbekistan,175490233,,ACT
92130c0f-c220-ea11-a812-000d3a4db1a5,Country-Holy See,,,customeraddress,,,175490000,,,Country,,VA,Holy See,175490096,,ACT
94130c0f-c220-ea11-a812-000d3a4db1a5,Country-Saint Vincent and the Grenadines,,,customeraddress,,,175490000,,,Country,,VC,Saint Vincent and the Grenadines,175490186,,ACT
96130c0f-c220-ea11-a812-000d3a4db1a5,Country-Venezuela,,,customeraddress,,,175490000,,,Country,,VE,Venezuela,175490235,,ACT
98130c0f-c220-ea11-a812-000d3a4db1a5,Country-Virgin Islands (British),,,customeraddress,,,175490000,,,Country,,VG,Virgin Islands (British),175490237,,ACT
9a130c0f-c220-ea11-a812-000d3a4db1a5,Country-Viet Nam,,,customeraddress,,,175490000,,,Country,,VN,Viet Nam,175490236,,ACT
9c130c0f-c220-ea11-a812-000d3a4db1a5,Country-Vanuatu,,,customeraddress,,,175490000,,,Country,,VU,Vanuatu,175490234,,ACT
9e130c0f-c220-ea11-a812-000d3a4db1a5,Country-Wallis and Futuna,,,customeraddress,,,175490000,,,Country,,WF,Wallis and Futuna,175490238,,ACT
a0130c0f-c220-ea11-a812-000d3a4db1a5,Country-Samoa,,,customeraddress,,,175490000,,,Country,,WS,Samoa,175490187,,ACT
a2130c0f-c220-ea11-a812-000d3a4db1a5,Country-Yemen,,,customeraddress,,,175490000,,,Country,,YE,Yemen,175490240,,ACT
a4130c0f-c220-ea11-a812-000d3a4db1a5,Country-Mayotte,,,customeraddress,,,175490000,,,Country,,YT,Mayotte,175490140,,ACT
a6130c0f-c220-ea11-a812-000d3a4db1a5,Country-South Africa,,,customeraddress,,,175490000,,,Country,,ZA,South Africa,175490201,,ACT
a8130c0f-c220-ea11-a812-000d3a4db1a5,Country-Zambia,,,customeraddress,,,175490000,,,Country,,ZM,Zambia,175490241,,ACT
aa130c0f-c220-ea11-a812-000d3a4db1a5,Country-Zimbabwe,,,customeraddress,,,175490000,,,Country,,ZW,Zimbabwe,175490242,,ACT
0dcb115d-5022-ea11-a810-000d3a4df348,VirtualField-mshied_nationalidentifier,VirtualField-mshied_nationalidentifier,mshied_nationalidentifier,contact,,,175490001,EXCLUDEWHENBEGINSWITH,"-,{Social Security Number or ACT ID}",,,,,,Contact,ACT
6052f957-6c22-ea11-a810-000d3a4df348,Gender-Num-Male,,,contact,,,175490000,,Gender,Gender,,4,Male,1,,ACT
344b1482-6c22-ea11-a810-000d3a4df348,Gender-Num-Female,,,contact,,,175490000,,Gender,Gender,,6,Female,2,,ACT
021a03a0-6c22-ea11-a810-000d3a4df348,Gender-Alpha-Female,,,contact,,,175490000,,Gender,Gender,,F,Female,2,,ACT
130f18be-6c22-ea11-a810-000d3a4df348,Gender-Alpha-Male,,,contact,,,175490000,,Gender,Gender,,M,Male,1,,ACT
a33bac91-b720-ea11-a812-000d3a4df816,ACT-Contact-Student Last Name,Student Last Name,lastname,contact,2,25,175490001,STRING,,,,,,,Contact,ACT
a53bac91-b720-ea11-a812-000d3a4df816,ACT-Contact-Student First Name,Student First Name,firstname,contact,27,16,175490001,STRING,,,,,,,Contact,ACT
a83bac91-b720-ea11-a812-000d3a4df816,ACT-Contact-Student Middle Initial,Student Middle Initial,middlename,contact,43,1,175490001,STRING,,,,,,,Contact,ACT
aa3bac91-b720-ea11-a812-000d3a4df816,ACT-Contact.Address.1-Street Address,Street Address,line1,customeraddress,44,40,175490001,STRING,,,,,,,Contact.Address.1,ACT
ac3bac91-b720-ea11-a812-000d3a4df816,ACT-Contact.Address.1-Country Code,Country Code,cmc_country,customeraddress,84,2,175490001,OPTIONSET,Country,,,,,,Contact.Address.1,ACT
ae3bac91-b720-ea11-a812-000d3a4df816,ACT-Contact-Gender Numeric,Gender Numeric,,contact,86,1,175490001,TWOOPTIONS,Gender,,,,,,Contact,ACT
b03bac91-b720-ea11-a812-000d3a4df816,ACT-Contact-Gender Alpha,Gender Alpha,,contact,87,1,175490001,TWOOPTIONS,Gender,,,,,,Contact,ACT
b23bac91-b720-ea11-a812-000d3a4df816,ACT-Contact.PreviousEducation.1-Grade Level,Grade Level,mshied_educationlevelid,mshied_previouseducation,88,2,175490001,LOOKUP,,,,,,,Contact.PreviousEducation.1,ACT
b43bac91-b720-ea11-a812-000d3a4df816,ACT-Contact-Social Security Number or ACT ID,Social Security Number or ACT ID,,contact,90,9,175490001,STRING,,,,,,,Contact,ACT
b63bac91-b720-ea11-a812-000d3a4df816,ACT-Contact-Type of Telephone,Type of Telephone,,contact,99,1,175490001,NUMBER,,,,,,,Contact,ACT
ba3bac91-b720-ea11-a812-000d3a4df816,ACT-Contact-Telephone Area Code,Telephone Area Code,,contact,106,3,175490001,STRING,,,,,,,Contact,ACT
bc3bac91-b720-ea11-a812-000d3a4df816,ACT-Contact-Telephone Number,Telephone Number,,contact,109,7,175490001,CONCATENATE,"{Telephone Area Code},{Telephone Number}",,,,,,Contact,ACT
be3bac91-b720-ea11-a812-000d3a4df816,ACT-Contact.Address.1-City,City,city,customeraddress,116,25,175490001,STRING,,,,,,,Contact.Address.1,ACT
c03bac91-b720-ea11-a812-000d3a4df816,ACT-Contact.Address.1-Mailing State Numeric,Mailing State Numeric,,customeraddress,141,2,175490001,OPTIONSET,State,,,,,,Contact.Address.1,ACT
c23bac91-b720-ea11-a812-000d3a4df816,ACT-Contact.Address.1-Mailing State Abbreviation,Mailing State Abbreviation,,customeraddress,143,2,175490001,OPTIONSET,State,,,,,,Contact.Address.1,ACT
c43bac91-b720-ea11-a812-000d3a4df816,ACT-Contact.Address.1-Zip Plus 4,Zip Plus 4,,customeraddress,145,9,175490001,STRING,,,,,,,Contact.Address.1,ACT
c63bac91-b720-ea11-a812-000d3a4df816,ACT-Contact-Expanded Date of Birth,Expanded Date of Birth,birthdate,contact,154,8,175490001,DATE,yyyyMMdd,,,,,,Contact,ACT
c83bac91-b720-ea11-a812-000d3a4df816,ACT-Contact.TestScore.1-Combined English/Writing Score,Combined English/Writing Score,mshied_actela,mshied_testscore,162,2,175490001,NUMBER,,,,,,,Contact.TestScore.1,ACT
ca3bac91-b720-ea11-a812-000d3a4df816,ACT-Contact.TestScore.1-Writing Score,Writing Score,mshied_actwriting,mshied_testscore,164,2,175490001,NUMBER,,,,,,,Contact.TestScore.1,ACT
cd3bac91-b720-ea11-a812-000d3a4df816,ACT-Contact.TestScore.1-English before 10/89,English before 10/89,,mshied_testscore,180,2,175490001,NUMBER,,,,,,,Contact.TestScore.1,ACT
cf3bac91-b720-ea11-a812-000d3a4df816,ACT-Contact.TestScore.1-Math before 10/89,Math before 10/89,,mshied_testscore,182,2,175490001,NUMBER,,,,,,,Contact.TestScore.1,ACT
d13bac91-b720-ea11-a812-000d3a4df816,ACT-Contact.TestScore.1-Natural Sciences before 10/89,Natural Sciences before 10/89,,mshied_testscore,186,2,175490001,NUMBER,,,,,,,Contact.TestScore.1,ACT
d33bac91-b720-ea11-a812-000d3a4df816,ACT-Contact.TestScore.1-Composite Score before 10/89,Composite Score before 10/89,,mshied_testscore,188,2,175490001,NUMBER,,,,,,,Contact.TestScore.1,ACT
d53bac91-b720-ea11-a812-000d3a4df816,ACT-Contact.PreviousEducation.1-High School Code,High School Code,mshied_schoolnameid,mshied_previouseducation,204,6,175490001,LOOKUP,,,,,,,Contact.PreviousEducation.1,ACT
d73bac91-b720-ea11-a812-000d3a4df816,ACT-Contact.PreviousEducation.1-High School Average,High School Average,mshied_gpa,mshied_previouseducation,219,3,175490001,NUMBER,,,,,,,Contact.PreviousEducation.1,ACT
d93bac91-b720-ea11-a812-000d3a4df816,ACT-Contact.TestScore.1-Expanded Test Date,Expanded Test Date,mshied_testdate,mshied_testscore,226,6,175490001,DATE,yyyyMM,,,,,,Contact.TestScore.1,ACT
db3bac91-b720-ea11-a812-000d3a4df816,ACT-Contact.TestScore.1-Test Location,Test Location,mshied_testlocation,mshied_testscore,248,1,175490001,STRING,,,,,,,Contact.TestScore.1,ACT
dd3bac91-b720-ea11-a812-000d3a4df816,ACT-Contact.Address.1-Canadian Province,Canadian Province,,customeraddress,249,2,175490001,OPTIONSET,State,,,,,,Contact.Address.1,ACT
df3bac91-b720-ea11-a812-000d3a4df816,ACT-Contact.Address.1-Canadian Postal Code,Canadian Postal Code,,customeraddress,252,7,175490001,STRING,,,,,,,Contact.Address.1,ACT
e13bac91-b720-ea11-a812-000d3a4df816,ACT-Contact.TestScore.1-English Score,English Score,,mshied_testscore,260,2,175490001,NUMBER,,,,,,,Contact.TestScore.1,ACT
e33bac91-b720-ea11-a812-000d3a4df816,ACT-Contact.TestScore.1-Math Score,Math Score,,mshied_testscore,262,2,175490001,NUMBER,,,,,,,Contact.TestScore.1,ACT
e53bac91-b720-ea11-a812-000d3a4df816,ACT-Contact.TestScore.1-Reading Score,Reading Score,mshied_actreading,mshied_testscore,264,2,175490001,NUMBER,,,,,,,Contact.TestScore.1,ACT
e73bac91-b720-ea11-a812-000d3a4df816,ACT-Contact.TestScore.1-Science Score,Science Score,,mshied_testscore,266,2,175490001,NUMBER,,,,,,,Contact.TestScore.1,ACT
e93bac91-b720-ea11-a812-000d3a4df816,ACT-Contact.TestScore.1-Composite Score,Composite Score,,mshied_testscore,268,2,175490001,NUMBER,,,,,,,Contact.TestScore.1,ACT
eb3bac91-b720-ea11-a812-000d3a4df816,ACT-Contact.AreaOfInterest-Planned Educational Major,Planned Educational Major,mshied_areaofinterestid,mshied_areaofinterest,410,3,175490001,LOOKUP,,,,,,,Contact.AreaOfInterest.1,ACT
